Time, Loudness
0.004563,0
2.632208,0.263873
4.644681,0.01559432
6.645295,2.32407
8.648591,0.007679149
10.652588,0.1814084
12.653135,0.01500428
14.660145,1.559105
