Time, Loudness
0.002009,0
2.749357,1.847254
4.749669,9.070944
6.753393,0.8847638
8.761601,9.258147
10.761829,4.466612
12.765539,0.1436955
