Time, Loudness
0.002381,0
3.285949,0.08615658
5.286001,0.0139506
