Time, Loudness
4.213266,0.00409667
5.029307,0.01828331
8.216439,2.782265
