Time, Loudness
0.004887,0
3.721522,0.03205689
5.749373,0.07578003
7.767446,0.05450432
