Time, Loudness
0.002385,0
2.796604,0.03028674
4.79686,0.1605204
