Time, Loudness
0.006215,0.180498
0.630455,6.085186
1.138282,5.438234
1.642277,4.773449
2.150319,0.02206808
2.650599,5.680567
3.154733,3.810313
3.658185,2.059413
4.158671,5.422807
4.662451,0.02610576
5.166421,0.006397886
