Time, Loudness
0.010536,0.02785063
