Time, Loudness
<<<<<<< HEAD
0,0029554,0
11,1252918,0,07562809
12,12831,0,151261
13,1361387,0,3780093
14,1562718,0,1016265
15,1590194,6,536139
16,162728,0,07532783
17,2089332,0,1249965
18,2253595,0,1090712
19,2288492,0,1183161
20,2340388,0,07852129
21,2346952,0,08874504
22,2412604,1,436269
23,2692823,0,1179385
=======
0.00179,0.002444519
1.17379,0.00297557
2.174193,0.003161016
>>>>>>> 718318789bf27206fb57ea5c1e66c9a0314f895e
