Time, Loudness
<<<<<<< HEAD
0,0019942,0
5,4916541,6,442728E-05
6,4914997,5,485306E-05
7,5039637,3,645702E-05
8,5141062,5,286094E-05
9,5144879,3,645702E-05
10,5171362,7,34698E-05
11,52642,5,468553E-05
12,5393292,6,590712E-05
13,5557588,5,505432E-05
14,5548453,8,293237E-05
15,556093,5,494894E-05
=======
0.000355,0
1.816386,0.007384118
2.827542,0.003085151
3.843585,0.003826934
4.867649,0.003059864
5.891477,0.00348976
6.903906,0.003506619
7.915407,0.002933423
8.919231,0.003177874
9.935299,0.003312743
10.935958,0.004627724
>>>>>>> 7da64dd81c00f6feeea2d7972fc483a643d45107
