Time, Loudness
0.000743,0.002309649
