Time, Loudness
<<<<<<< HEAD
0,0019612,0
4,6883134,3,671562E-05
5,7178579,2,738568E-05
6,7449743,0,3626753
7,7598533,4,557128E-05
8,7698101,4,557128E-05
9,7703977,6,393448E-05
10,8053268,5,55445E-05
11,8138714,7,321667E-05
=======
0.000349,0
1.619069,1.727928
2.623325,0.02497622
3.631222,0.005487513
>>>>>>> 2a51b33ba8e65485a92877212c824bb57ac0922f
