Time, Loudness
0.00204,0.0028407
2.074841,0.3359777
4.077946,0.08121695
6.08196,0.9615383
8.082132,4.424871
10.086216,0.006389457
12.090009,1.367682
14.090859,0.01019111
