Time, Loudness
0.00057,0.113493
2.896959,0.03457727
