Time, Loudness
0.002045,0.005302069
0.720602,8.74344
1.224873,0.02229569
1.727988,4.009184
2.232426,0.006676056
2.732676,7.807525
3.240527,0.007046947
3.740619,4.451785
4.240565,6.038659
4.744139,0.01107618
5.244709,5.762546
5.748533,0.01280421
6.256707,8.181784
6.760111,0.009255436
7.268648,4.155031
7.768688,0.005318928
8.273286,0.009373454
