Time, Loudness
0.000303,0.005521234
2.160145,0.0099045
4.173286,0.01054513
6.176223,0.006246157
