Time, Loudness
0.000349,0
1.619069,1.727928
2.623325,0.02497622
3.631222,0.005487513
