Time, Loudness
0.000773,0.2776634
2.568046,0.8830018
