Time, Loudness
0.004594,0.004787879
0.727565,0.00243609
1.232367,0.007181816
