Time, Loudness
0.000595,3.25528
