Time, Loudness
0.000537,1.774104
1.107244,0.00310201
2.140261,0.01336055
3.143238,0.1042966
4.147426,1.898513
5.148045,0.006052284
6.155471,3.427946
7.155794,1.180693
8.16387,0.00773815
9.167515,0.00476259
10.171845,0.04060427
11.191856,0.01464182
