Time, Loudness
0.000369,0
1.83875,0.002073627
