Time, Loudness
0.000371,0
1.515902,0.006246156
2.516568,0.003928087
3.529059,0.003675206
4.52908,0.008159619
5.533422,0.005723539
6.533796,0.003767927
7.534381,0.003919657
8.53821,0.004383271
9.538576,0.003144156
10.539157,0.002849129
