Time, Loudness
0.000342,0
2.360179,0.7011549
4.36422,1.700988
6.368101,1.816183
8.37258,0.003270597
10.376356,0.008833973
