Time, Loudness
0.000538,1.198547
2.070032,0.003885936
4.070179,0.002495095
6.074083,0.006920505
