Time, Loudness
0.000368,0
2.774062,0.01062943
4.788043,0.005521234
