Time, Loudness
0.000322,1.352804
2.07569,0.008926694
4.075663,0.01088231
6.080135,0.006279877
