Time, Loudness
0.00053,0.003236879
