Time, Loudness
0.000514,0.002537242
