Time, Loudness
0.000664,0.004366412
1.160785,0.003118869
