Time, Loudness
0.000742,0
2.514475,0.9725302
