Time, Loudness
0.00179,0.002444519
1.17379,0.00297557
2.174193,0.003161016
