Time, Loudness
0.000433,0
2.924171,40.09652
4.924182,25.60656
