Time, Loudness
0.000355,0
1.816386,0.007384118
2.827542,0.003085151
3.843585,0.003826934
4.867649,0.003059864
5.891477,0.00348976
6.903906,0.003506619
7.915407,0.002933423
8.919231,0.003177874
9.935299,0.003312743
10.935958,0.004627724
