Time, Loudness
0.000588,0.003717351
2.335084,0.003793212
2.83887,8.03646
3.339545,0.006819353
3.843368,7.324458
4.347649,0.009398739
4.850999,0.0372831
5.355466,0.008513656
5.855639,0.06332143
6.363626,7.326884
6.867422,0.006507467
7.371398,7.912479
7.875284,0.1773202
8.379613,0.003397038
8.883084,6.473368
9.387492,4.966003
9.887454,0.005731962
10.391707,0.01145551
10.895995,0.00933974
11.399834,0.004290547
11.911785,5.33348
12.411889,0.0124586
12.911952,0.003717351
13.41597,0.009196434
