Time, Loudness
0.000484,0.002908135
2.097371,0.002806982
