level,ccollected,ctotal,time,optttime
0,0,6,2.042405,20
1,0,7,1.653505,30
2,0,4,2.369114,40
3,3,5,12.01881,50
