level,ccollected,ctotal,time,optttime
0,0,6,1.910228,20
1,0,7,2.043418,30
2,0,4,1.548986,40
3,5,5,9.765884,50
