level,ccollected,ctotal,time,optttime
0,0,6,8.695361,20
1,0,7,13.77423,30
2,0,4,5.495321,40
3,2,5,3.214941,50
