level,ccollected,ctotal,time,optttime
0,0,6,1.527865,20
1,0,7,3.168913,30
2,0,4,8.899003,40
3,2,5,8.624635,50
